itemID,product_title,question,highly_relevant_product_attributes
546057833,"""SAMSUNG 55\"" Class 4K Ultra HD (2160P) HDR Smart QLED TV QN55Q60R (2019 Model)""",Does this tv have a full web browser?,"[""[\""streaming_services\"",\""\\\""Netflix, HBO NOW, Hulu, CBS, VUDU, Google Play Movies \\u0026 TV, YouTube, Smart TV with Bixby Voice, Apps and Full Web Browser\\\""\""]""]"
546057833,"""SAMSUNG 55\"" Class 4K Ultra HD (2160P) HDR Smart QLED TV QN55Q60R (2019 Model)""",Does this tv have a full web browser?,"[""[\""streaming_services\"",\""\\\""Netflix, HBO NOW, Hulu, CBS, VUDU, Google Play Movies \\u0026 TV, YouTube, Smart TV with Bixby Voice, Apps and Full Web Browser\\\""\""]""]"
546057833,"""SAMSUNG 55\"" Class 4K Ultra HD (2160P) HDR Smart QLED TV QN55Q60R (2019 Model)""",Does this tv have a full web browser?,"[""[\""streaming_services\"",\""\\\""Netflix, HBO NOW, Hulu, CBS, VUDU, Google Play Movies \\u0026 TV, YouTube, Smart TV with Bixby Voice, Apps and Full Web Browser\\\""\""]""]"
15221886,"""Sanyo VPC-T700 Cafe Brown 7MP Digital Camera w/ 3x Optical Zoom, 2.5\"" LCD, Red-eye Removal (Refurbished)""",What comes with the camera & do you have to use the HD cards with this camera only?,"[""[\""memory_card_type\"",\""\\\""SDHC\\\""\""]"", ""[\""supported_media_formats\"",\""\\\""SD/SDHC\\\""\""]""]"
14262430,"""VistaQuest VQ5218 5 Megapixel Compact Camera, Purple""",What comes with the camera & do you have to use the HD cards with this camera only?,"[""[\""package_quantity\"",\""\\\""\\u003cul\\u003e\\u003cli\\u003eVQ5218 Point \\u0026amp; Shoot Digital Camera\\u003c/li\\u003e\\u003cli\\u003eUSB Cable\\u003c/li\\u003e\\u003cli\\u003eWrist Strap\\u003c/li\\u003e\\u003cli\\u003eCamera Pouch\\u003c/li\\u003e\\u003cli\\u003eCD-Rom\\u003c/li\\u003e\\u003cli\\u003eUsers Manual\\u003c/li\\u003e\\u003c/ul\\u003e\\\""\""]""]"
14262430,"""VistaQuest VQ5218 5 Megapixel Compact Camera, Purple""",What comes with the camera & do you have to use the HD cards with this camera only?,"[""[\""package_quantity\"",\""\\\""\\u003cul\\u003e\\u003cli\\u003eVQ5218 Point \\u0026amp; Shoot Digital Camera\\u003c/li\\u003e\\u003cli\\u003eUSB Cable\\u003c/li\\u003e\\u003cli\\u003eWrist Strap\\u003c/li\\u003e\\u003cli\\u003eCamera Pouch\\u003c/li\\u003e\\u003cli\\u003eCD-Rom\\u003c/li\\u003e\\u003cli\\u003eUsers Manual\\u003c/li\\u003e\\u003c/ul\\u003e\\\""\""]""]"
12429504,"""Fujifilm FinePix Z37 - Digital camera - compact - 10.0 MP - 3x optical zoom - blue""",What comes with the camera & do you have to use the HD cards with this camera only?,"[""[\""memory_card_type\"",\""\\\""MultiMediaCard, SD Memory Card, SDHC Memory Card\\\""\""]"", ""[\""product_accessories_included\"",\""\\\""\\u003cbody\\u003e\\u003cul\\u003e\\u003cli\\u003eFujifilm FinePix Z37\\u003c/li\\u003e\\u003cli\\u003eFujifilm NP-45 Battery\\u003c/li\\u003e\\u003cli\\u003eHand strap, power adapter, USB cable\\u003c/li\\u003e\\u003c/ul\\u003e\\u003c/body\\u003e\\\""\""]""]"
11004201,"""Olympus Stylus 6000 10 Megapixel Compact Camera, White""",What comes with the camera & do you have to use the HD cards with this camera only?,"[""[\""package_quantity\"",\""\\\""\\u003cul\\u003e\\u003cli\\u003eStylus Tough 6000 Digital Camera\\u003c/li\\u003e\\u003cli\\u003eUSB Cable\\u003c/li\\u003e\\u003cli\\u003eAudio/ Video Cable\\u003c/li\\u003e\\u003cli\\u003eManual\\u003c/li\\u003e\\u003cli\\u003eWrist Strap\\u003c/li\\u003e\\u003cli\\u003eLithium-Ion Battery (LI-42B)\\u003c/li\\u003e\\u003cli\\u003eCharger (LI-41C)\\u003c/li\\u003e\\u003cli\\u003eSoftware CD-ROM\\u003c/li\\u003e\\u003cli\\u003eWarranty Card\\u003c/li\\u003e\\u003cli\\u003eMASD-1 (microSD Adapter)\\u003c/li\\u003e\\u003c/ul\\u003e\\\""\""]""]"
24246380,"""Refurbished HP 14\"" 6530B Laptop PC with Intel Core 2 Duo Processor and Windows 10 Pro""",What is battery life HP15-F014wm,"[""[\""battery_life\"",\""\\\""3 hours 30 minutes\\\""\""]""]"
24246380,"""Refurbished HP 14\"" 6530B Laptop PC with Intel Core 2 Duo Processor and Windows 10 Pro""",What is battery life HP15-F014wm,"[""[\""battery_life\"",\""\\\""3 hours 30 minutes\\\""\""]""]"
24246380,"""Refurbished HP 14\"" 6530B Laptop PC with Intel Core 2 Duo Processor and Windows 10 Pro""",What is battery life HP15-F014wm,"[""[\""battery_life\"",\""\\\""3 hours 30 minutes\\\""\""]""]"
46461683,"""Dell Inspiron 15.6\"" Laptop, Intel Core i5 i5-5200U, 8GB RAM, 1TB HD, DVD Writer, Windows 10 Home, 15-5558""",What is battery life HP15-F014wm,"[""[\""battery_life\"",\""\\\""7 hours 26 minutes\\\""\""]""]"
46461683,"""Dell Inspiron 15.6\"" Laptop, Intel Core i5 i5-5200U, 8GB RAM, 1TB HD, DVD Writer, Windows 10 Home, 15-5558""",What is battery life HP15-F014wm,"[""[\""battery_life\"",\""\\\""7 hours 26 minutes\\\""\""]""]"
46461683,"""Dell Inspiron 15.6\"" Laptop, Intel Core i5 i5-5200U, 8GB RAM, 1TB HD, DVD Writer, Windows 10 Home, 15-5558""",What is battery life HP15-F014wm,"[""[\""battery_life\"",\""\\\""7 hours 26 minutes\\\""\""]""]"
26550389,"""Refurbished Vizio E241I-A1 24\"" Class Razor LED Smart TV 1080p""",does this tv have wifi,"[""[\""wireless_technology\"",\""\\\""IEEE 802.11n\\\""\""]""]"
26550389,"""Refurbished Vizio E241I-A1 24\"" Class Razor LED Smart TV 1080p""",does this tv have wifi,"[""[\""wireless_technology\"",\""\\\""IEEE 802.11n\\\""\""]""]"
53943388,"""Refurbished Emerson 32\"" 720p 60Hz LCD LED HDTV (LF320EM4)""",does this tv have wifi,"[""[\""wireless\"",\""\\\""N\\\""\""]"", ""[\""wireless_technology\"",\""\\\""None\\\""\""]""]"
47904728,"""***fast Track*** Refurbished Vizio E55-c""",does this tv have wifi,"[""[\""wireless_technology\"",\""\\\""Wi-Fi Inbuilt\\\""\""]""]"
47904728,"""***fast Track*** Refurbished Vizio E55-c""",does this tv have wifi,"[""[\""wireless_technology\"",\""\\\""Wi-Fi Inbuilt\\\""\""]""]"
47904728,"""***fast Track*** Refurbished Vizio E55-c""",does this tv have wifi,"[""[\""wireless_technology\"",\""\\\""Wi-Fi Inbuilt\\\""\""]""]"
55279489,"""Refurbished Vizio 55\"" Class 4K (2160P) Smart LED Home Theater Display (E55U-D2)""",does this tv have wifi,"[""[\""wireless_technology\"",\""\\\""Wi-Fi Inbuilt\\\""\""]"", ""[\""wireless\"",\""\\\""Y\\\""\""]""]"
55279489,"""Refurbished Vizio 55\"" Class 4K (2160P) Smart LED Home Theater Display (E55U-D2)""",does this tv have wifi,"[""[\""wireless_technology\"",\""\\\""Wi-Fi Inbuilt\\\""\""]""]"
55279489,"""Refurbished Vizio 55\"" Class 4K (2160P) Smart LED Home Theater Display (E55U-D2)""",does this tv have wifi,"[""[\""wireless_technology\"",\""\\\""Wi-Fi Inbuilt\\\""\""]""]"
54065383,"""Cyberpowerpc Gamer Xtreme Liquid Cool Gl""",What graphics card comes with this?,"[""[\""graphic_card\"",\""\\\""NVIDIA GeForce GTX 1060, 6 GB\\\""\""]""]"
54065383,"""Cyberpowerpc Gamer Xtreme Liquid Cool Gl""",What graphics card comes with this?,"[""[\""graphic_card\"",\""\\\""NVIDIA GeForce GTX 1060, 6 GB\\\""\""]""]"
54065383,"""Cyberpowerpc Gamer Xtreme Liquid Cool Gl""",What graphics card comes with this?,"[""[\""graphic_card\"",\""\\\""NVIDIA GeForce GTX 1060, 6 GB\\\""\""]""]"
967988884,"""CYBERPOWERPC Gamer Master GMA2288W w/ AMD Ryzen 7 1700, AMD Radeon RX 560 2GB, 8GB Memory, 480GB SSD, WiFi and Windows 10 Home 64-bit Gaming PC""",What graphics card comes with this?,"[""[\""graphics_information\"",\""\\\""AMD Radeon RX 560 2GB Graphics\\\""\""]"", ""[\""product_name\"",\""\\\""CYBERPOWERPC Gamer Master GMA2288W w/ AMD Ryzen 7 1700, AMD Radeon RX 560 2GB, 8GB Memory, 480GB SSD, WiFi and Windows 10 Home 64-bit Gaming PC\\\""\""]""]"
967988884,"""CYBERPOWERPC Gamer Master GMA2288W w/ AMD Ryzen 7 1700, AMD Radeon RX 560 2GB, 8GB Memory, 480GB SSD, WiFi and Windows 10 Home 64-bit Gaming PC""",What graphics card comes with this?,"[""[\""graphics_information\"",\""\\\""AMD Radeon RX 560 2GB Graphics\\\""\""]"", ""[\""product_name\"",\""\\\""CYBERPOWERPC Gamer Master GMA2288W w/ AMD Ryzen 7 1700, AMD Radeon RX 560 2GB, 8GB Memory, 480GB SSD, WiFi and Windows 10 Home 64-bit Gaming PC\\\""\""]"", ""[\""product_url_text\"",\""\\\""/ip/CYBERPOWERPC-Gamer-Master-GMA2288W-w-AMD-Ryzen-7-1700-AMD-Radeon-RX-560-2GB-8GB-Memory-480GB-SSD-WiFi-and-Windows-10-Home-64-bit-Gaming-PC/967988884\\\""\""]""]"
967988884,"""CYBERPOWERPC Gamer Master GMA2288W w/ AMD Ryzen 7 1700, AMD Radeon RX 560 2GB, 8GB Memory, 480GB SSD, WiFi and Windows 10 Home 64-bit Gaming PC""",What graphics card comes with this?,"[""[\""graphics_information\"",\""\\\""AMD Radeon RX 560 2GB Graphics\\\""\""]"", ""[\""product_name\"",\""\\\""CYBERPOWERPC Gamer Master GMA2288W w/ AMD Ryzen 7 1700, AMD Radeon RX 560 2GB, 8GB Memory, 480GB SSD, WiFi and Windows 10 Home 64-bit Gaming PC\\\""\""]"", ""[\""product_url_text\"",\""\\\""/ip/CYBERPOWERPC-Gamer-Master-GMA2288W-w-AMD-Ryzen-7-1700-AMD-Radeon-RX-560-2GB-8GB-Memory-480GB-SSD-WiFi-and-Windows-10-Home-64-bit-Gaming-PC/967988884\\\""\""]""]"
15746981,"""iBUYPOWER Gamer LAN Warrior WA524D3 Desktop PC with AMD Athlon II x3 440 (3.0GHz) Processor and Windows 7 Home Premium""",What graphics card comes with this?,"[""[\""graphic_card\"",\""\\\""ATI Radeon HD 5450\\\""\""]""]"
15746981,"""iBUYPOWER Gamer LAN Warrior WA524D3 Desktop PC with AMD Athlon II x3 440 (3.0GHz) Processor and Windows 7 Home Premium""",What graphics card comes with this?,"[""[\""graphic_card\"",\""\\\""ATI Radeon HD 5450\\\""\""]""]"
15746981,"""iBUYPOWER Gamer LAN Warrior WA524D3 Desktop PC with AMD Athlon II x3 440 (3.0GHz) Processor and Windows 7 Home Premium""",What graphics card comes with this?,"[""[\""graphic_card\"",\""\\\""ATI Radeon HD 5450\\\""\""]""]"
15172881,"""ZOTAC ZBOX HD-ID11 - Barebone - mini PC - NVIDIA ION - 1 x Atom D510 / 1.66 GHz - RAM 0 GB - NVIDIA Next Generation ION - GigE - WLAN: 802.11b/g/n""",What graphics card comes with this?,"[""[\""graphics_information\"",\""\\\""NVIDIA Next Generation ION\\\""\""]""]"
15172881,"""ZOTAC ZBOX HD-ID11 - Barebone - mini PC - NVIDIA ION - 1 x Atom D510 / 1.66 GHz - RAM 0 GB - NVIDIA Next Generation ION - GigE - WLAN: 802.11b/g/n""",What graphics card comes with this?,"[""[\""graphics_information\"",\""\\\""NVIDIA Next Generation ION\\\""\""]"", ""[\""product_name\"",\""\\\""ZOTAC ZBOX HD-ID11 - Barebone - mini PC - NVIDIA ION - 1 x Atom D510 / 1.66 GHz - RAM 0 GB - NVIDIA Next Generation ION - GigE - WLAN: 802.11b/g/n\\\""\""]"", ""[\""product_url_text\"",\""\\\""/ip/ZOTAC-ZBOX-HD-ID11-Barebone-mini-PC-NVIDIA-ION-1-x-Atom-D510-1-66-GHz-RAM-0-GB-NVIDIA-Next-Generation-ION-GigE-WLAN-802-11b-g-n/15172881\\\""\""]""]"
54655561,"""CyberPowerPC Gamer Ultra GUA4700W Gaming Desktop PC with AMD FX-6300 Processor, 8GB Memory, 1TB Hard Drive and Windows 10 Home (Monitor Not Included)""",What graphics card comes with this?,"[""[\""graphic_card\"",\""\\\""AMD Radeon RX 460, 2 GB\\\""\""]""]"
54655561,"""CyberPowerPC Gamer Ultra GUA4700W Gaming Desktop PC with AMD FX-6300 Processor, 8GB Memory, 1TB Hard Drive and Windows 10 Home (Monitor Not Included)""",What graphics card comes with this?,"[""[\""graphic_card\"",\""\\\""AMD Radeon RX 460, 2 GB\\\""\""]""]"
54655561,"""CyberPowerPC Gamer Ultra GUA4700W Gaming Desktop PC with AMD FX-6300 Processor, 8GB Memory, 1TB Hard Drive and Windows 10 Home (Monitor Not Included)""",What graphics card comes with this?,"[""[\""graphic_card\"",\""\\\""AMD Radeon RX 460, 2 GB\\\""\""]""]"
28987541,"""Naxa CD/Radio Boombox, Black, NPB-246""",What kind of batteries does this radio use?,"[""[\""battery_size\"",\""\\\""C\\\""\""]"", ""[\""volts\"",\""\\\""110 V\\\""\""]""]"
28987541,"""Naxa CD/Radio Boombox, Black, NPB-246""",What kind of batteries does this radio use?,"[""[\""battery_size\"",\""\\\""C\\\""\""]""]"
15135082,"""EZ-TV Listening ND2010S Speaker System, White""",What kind of batteries does this radio use?,"[""[\""type\"",\""\\\""Speaker battery - lithium ion\\\""\""]"", ""[\""battery_type\"",\""\\\""Lithium Ion\\\""\""]""]"
15135082,"""EZ-TV Listening ND2010S Speaker System, White""",What kind of batteries does this radio use?,"[""[\""type\"",\""\\\""Speaker battery - lithium ion\\\""\""]"", ""[\""battery_type\"",\""\\\""Lithium Ion\\\""\""]""]"
588574859,"""Sylvania Waterproof Bluetooth Speaker with Rubber Finish SP953, Blue""",What kind of batteries does this radio use?,"[""[\""battery_type\"",\""\\\""7\\\""\""]"", ""[\""rechargeable\"",\""\\\""Y\\\""\""]""]"
15172881,"""ZOTAC ZBOX HD-ID11 - Barebone - mini PC - NVIDIA ION - 1 x Atom D510 / 1.66 GHz - RAM 0 GB - NVIDIA Next Generation ION - GigE - WLAN: 802.11b/g/n""",What graphics card comes with this?,"[""[\""graphics_information\"",\""\\\""NVIDIA Next Generation ION\\\""\""]""]"
15172881,"""ZOTAC ZBOX HD-ID11 - Barebone - mini PC - NVIDIA ION - 1 x Atom D510 / 1.66 GHz - RAM 0 GB - NVIDIA Next Generation ION - GigE - WLAN: 802.11b/g/n""",What graphics card comes with this?,"[""[\""graphics_information\"",\""\\\""NVIDIA Next Generation ION\\\""\""]"", ""[\""product_name\"",\""\\\""ZOTAC ZBOX HD-ID11 - Barebone - mini PC - NVIDIA ION - 1 x Atom D510 / 1.66 GHz - RAM 0 GB - NVIDIA Next Generation ION - GigE - WLAN: 802.11b/g/n\\\""\""]"", ""[\""product_url_text\"",\""\\\""/ip/ZOTAC-ZBOX-HD-ID11-Barebone-mini-PC-NVIDIA-ION-1-x-Atom-D510-1-66-GHz-RAM-0-GB-NVIDIA-Next-Generation-ION-GigE-WLAN-802-11b-g-n/15172881\\\""\""]""]"
14294243,"""Plantronics Bluetooth Headset Explorer 242""",Stereo Bluetooth?,"[""[\""category\"",\""\\\""Bluetooth Headsets\\\""\""]"", ""[\""product_name\"",\""\\\""Plantronics Bluetooth Headset Explorer 242\\\""\""]"", ""[\""global_product_type\"",\""\\\""Bluetooth Headsets\\\""\""]"", ""[\""gpt_path\"",\""\\\""[[\\\\\\\""root\\\\\\\"",\\\\\\\""Consumer Electronics\\\\\\\"",\\\\\\\""Bluetooth Headsets\\\\\\\""]]\\\""\""]""]"
14294243,"""Plantronics Bluetooth Headset Explorer 242""",Stereo Bluetooth?,"[""[\""category\"",\""\\\""Bluetooth Headsets\\\""\""]""]"
14294243,"""Plantronics Bluetooth Headset Explorer 242""",Stereo Bluetooth?,"[""[\""category\"",\""\\\""Bluetooth Headsets\\\""\""]"", ""[\""product_name\"",\""\\\""Plantronics Bluetooth Headset Explorer 242\\\""\""]"", ""[\""global_product_type\"",\""\\\""Bluetooth Headsets\\\""\""]"", ""[\""gpt_path\"",\""\\\""[[\\\\\\\""root\\\\\\\"",\\\\\\\""Consumer Electronics\\\\\\\"",\\\\\\\""Bluetooth Headsets\\\\\\\""]]\\\""\""]""]"
55279489,"""Refurbished Vizio 55\"" Class 4K (2160P) Smart LED Home Theater Display (E55U-D2)""",does this tv have wifi,"[""[\""wireless_technology\"",\""\\\""Wi-Fi Inbuilt\\\""\""]""]"
55279489,"""Refurbished Vizio 55\"" Class 4K (2160P) Smart LED Home Theater Display (E55U-D2)""",does this tv have wifi,"[""[\""wireless_technology\"",\""\\\""Wi-Fi Inbuilt\\\""\""]""]"
55279489,"""Refurbished Vizio 55\"" Class 4K (2160P) Smart LED Home Theater Display (E55U-D2)""",does this tv have wifi,"[""[\""wireless_technology\"",\""\\\""Wi-Fi Inbuilt\\\""\""]""]"
988874734,"""Running Bluetooth Headphones, Sweatproof and Waterproof Sports Earphones""",Will this work with -Samsung Galaxy S10?,"[""[\""compatible_brands\"",\""\\\""Universal\\\""\""]""]"
450595690,"""Photive PH-01 Bluetooth Headphones Wireless Sports Earphones with Microphone. Waterproof HD Stereo Sweatproof Earbuds for Gym Running Workout 6-Hour Battery Noise Cancelling Headsets""",Will this work with -Samsung Galaxy S10?,"[""[\""compatible_brands\"",\""\\\""Universal, Apple iPhone, Samsung Galaxy, LG, HTC, Motorola, Sony, Google, Huawei, Microsoft, BLU, Nokia, Straight Talk, T-Mobile, Total Wireless, Alcatel, Cricket Wireless, Verizon, Moto, Walmart, Boost\\\""\""]""]"
450595690,"""Photive PH-01 Bluetooth Headphones Wireless Sports Earphones with Microphone. Waterproof HD Stereo Sweatproof Earbuds for Gym Running Workout 6-Hour Battery Noise Cancelling Headsets""",Will this work with -Samsung Galaxy S10?,"[""[\""compatible_brands\"",\""\\\""Universal, Apple iPhone, Samsung Galaxy, LG, HTC, Motorola, Sony, Google, Huawei, Microsoft, BLU, Nokia, Straight Talk, T-Mobile, Total Wireless, Alcatel, Cricket Wireless, Verizon, Moto, Walmart, Boost\\\""\""]""]"
450595690,"""Photive PH-01 Bluetooth Headphones Wireless Sports Earphones with Microphone. Waterproof HD Stereo Sweatproof Earbuds for Gym Running Workout 6-Hour Battery Noise Cancelling Headsets""",Will this work with -Samsung Galaxy S10?,"[""[\""compatible_brands\"",\""\\\""Universal, Apple iPhone, Samsung Galaxy, LG, HTC, Motorola, Sony, Google, Huawei, Microsoft, BLU, Nokia, Straight Talk, T-Mobile, Total Wireless, Alcatel, Cricket Wireless, Verizon, Moto, Walmart, Boost\\\""\""]""]"
213856239,"""Sony 70\"" Class X690E Series 4K (2160P) Ultra HD HDR Smart LED TV (KD70X690E)""",Is this tv wall mountable?,"[""[\""mounting_pattern\"",\""\\\""400 x 400\\\""\""]""]"
513321839,"""ATYME 32\"" Class HD (720P) LED TV (320AM5DVD) with Built in DVD Player""",Is this tv wall mountable?,"[""[\""keywords\"",\""\\\""32-inch tv;32 in tv;32 inch tv;slim tv;flat screen tv;wall mount tv;tv with stand;DVD;DVD combo;HD;TV;ATYME\\\""\""]""]"
513321839,"""ATYME 32\"" Class HD (720P) LED TV (320AM5DVD) with Built in DVD Player""",Is this tv wall mountable?,"[""[\""keywords\"",\""\\\""32-inch tv;32 in tv;32 inch tv;slim tv;flat screen tv;wall mount tv;tv with stand;DVD;DVD combo;HD;TV;ATYME\\\""\""]""]"
55528645,"""LG 49\"" Class FHD (1080P) LED TV (49LJ5100)""",Is this tv wall mountable?,"[""[\""mounting_pattern\"",\""\\\""400 x 400\\\""\""]""]"
213856239,"""Sony 70\"" Class X690E Series 4K (2160P) Ultra HD HDR Smart LED TV (KD70X690E)""",What is the VESA on this t.v. for wall mounting purposes?,"[""[\""mounting_pattern\"",\""\\\""400 x 400\\\""\""]""]"
213856239,"""Sony 70\"" Class X690E Series 4K (2160P) Ultra HD HDR Smart LED TV (KD70X690E)""",What is the VESA on this t.v. for wall mounting purposes?,"[""[\""mounting_pattern\"",\""\\\""400 x 400\\\""\""]""]"
213856239,"""Sony 70\"" Class X690E Series 4K (2160P) Ultra HD HDR Smart LED TV (KD70X690E)""",What is the VESA on this t.v. for wall mounting purposes?,"[""[\""mounting_pattern\"",\""\\\""400 x 400\\\""\""]""]"
13812450,"""Haier 22\"" Class HDTV (1080p) LED-LCD TV (HL22XSLW2)""",What is the VESA on this t.v. for wall mounting purposes?,"[""[\""mounting_pattern\"",\""\\\""75 x 75 mm\\\""\""]""]"
13812450,"""Haier 22\"" Class HDTV (1080p) LED-LCD TV (HL22XSLW2)""",What is the VESA on this t.v. for wall mounting purposes?,"[""[\""mounting_pattern\"",\""\\\""75 x 75 mm\\\""\""]""]"
13812450,"""Haier 22\"" Class HDTV (1080p) LED-LCD TV (HL22XSLW2)""",What is the VESA on this t.v. for wall mounting purposes?,"[""[\""mounting_pattern\"",\""\\\""75 x 75 mm\\\""\""]""]"
55528645,"""LG 49\"" Class FHD (1080P) LED TV (49LJ5100)""",What is the VESA on this t.v. for wall mounting purposes?,"[""[\""mounting_pattern\"",\""\\\""400 x 400\\\""\""]""]"
55528645,"""LG 49\"" Class FHD (1080P) LED TV (49LJ5100)""",What is the VESA on this t.v. for wall mounting purposes?,"[""[\""mounting_pattern\"",\""\\\""400 x 400\\\""\""]""]"
55528645,"""LG 49\"" Class FHD (1080P) LED TV (49LJ5100)""",What is the VESA on this t.v. for wall mounting purposes?,"[""[\""mounting_pattern\"",\""\\\""400 x 400\\\""\""]""]"
677734996,"""onn. 55\"" Class 4K (2160p) UHD LED TV (ONA55UB19E06)""",What is the VESA on this t.v. for wall mounting purposes?,"[""[\""mounting_pattern\"",\""\\\""400 x 200\\\""\""]""]"
677734996,"""onn. 55\"" Class 4K (2160p) UHD LED TV (ONA55UB19E06)""",What is the VESA on this t.v. for wall mounting purposes?,"[""[\""mounting_pattern\"",\""\\\""400 x 200\\\""\""]""]"
677734996,"""onn. 55\"" Class 4K (2160p) UHD LED TV (ONA55UB19E06)""",What is the VESA on this t.v. for wall mounting purposes?,"[""[\""mounting_pattern\"",\""\\\""400 x 200\\\""\""]""]"
14978585,"""Apex 40\"" Class LCD 1080p 60Hz HDTV, LD4086""",Can you connect headphones to this TV (3.5 mm plug)?,"[""[\""connector_type\"",\""\\\""2 x component video input ( RCA phono x 3 ) Ôæ¶ 1 x S-Video input ( 4 pin mini-DIN ) Ôæ¶ 1 x composite video input ( RCA phono ) Ôæ¶ 1 x VGA input ( 15 pin HD D-Sub (HD-15) ) Ôæ¶ 1 x audio line-in ( mini-phone stereo 3.5 mm ) Ôæ¶ 3 x HDMI input ( 19 pin HDMI Type A ) Ôæ¶ Audio line-in Ôæ¶ 1 x digital audio output (coaxial) ( RCA phono )\\\""\""]""]"
14978585,"""Apex 40\"" Class LCD 1080p 60Hz HDTV, LD4086""",Can you connect headphones to this TV (3.5 mm plug)?,"[""[\""connector_type\"",\""\\\""2 x component video input ( RCA phono x 3 ) Ôæ¶ 1 x S-Video input ( 4 pin mini-DIN ) Ôæ¶ 1 x composite video input ( RCA phono ) Ôæ¶ 1 x VGA input ( 15 pin HD D-Sub (HD-15) ) Ôæ¶ 1 x audio line-in ( mini-phone stereo 3.5 mm ) Ôæ¶ 3 x HDMI input ( 19 pin HDMI Type A ) Ôæ¶ Audio line-in Ôæ¶ 1 x digital audio output (coaxial) ( RCA phono )\\\""\""]""]"
14978585,"""Apex 40\"" Class LCD 1080p 60Hz HDTV, LD4086""",Can you connect headphones to this TV (3.5 mm plug)?,"[""[\""connector_type\"",\""\\\""2 x component video input ( RCA phono x 3 ) Ôæ¶ 1 x S-Video input ( 4 pin mini-DIN ) Ôæ¶ 1 x composite video input ( RCA phono ) Ôæ¶ 1 x VGA input ( 15 pin HD D-Sub (HD-15) ) Ôæ¶ 1 x audio line-in ( mini-phone stereo 3.5 mm ) Ôæ¶ 3 x HDMI input ( 19 pin HDMI Type A ) Ôæ¶ Audio line-in Ôæ¶ 1 x digital audio output (coaxial) ( RCA phono )\\\""\""]""]"
16381804,"""Physicians Formula Mineral Wear¬Æ Flawless Complexion Kit, Light""",Does it dry out your skin? And make it look like dry patches while wearing the foundation?,"[""[\""form\"",\""\\\""Matte finishing veil\\\""\""]""]"
28848303,"""Assurance Incontinence Underwear for Men, Maximum Absorbency, S/M, 40 Count""",Are they machine washable and reusable.,"[""[\""global_product_type\"",\""\\\""Disposable Underwear\\\""\""]""]"
875020383,"""U.S. Solid Thumb Spica Splint, Fits Both Hands, Large/X-Large""",Is it just for the right hand?,"[""[\""title\"",\""\\\""U.S. Solid Thumb Spica Splint, Fits Both Hands, Large/X-Large\\\""\""]""]"
875020383,"""U.S. Solid Thumb Spica Splint, Fits Both Hands, Large/X-Large""",Is it just for the right hand?,"[""[\""title\"",\""\\\""U.S. Solid Thumb Spica Splint, Fits Both Hands, Large/X-Large\\\""\""]""]"
875020383,"""U.S. Solid Thumb Spica Splint, Fits Both Hands, Large/X-Large""",Is it just for the right hand?,"[""[\""title\"",\""\\\""U.S. Solid Thumb Spica Splint, Fits Both Hands, Large/X-Large\\\""\""]""]"
876493,"""Tampax Tampons, Unscented, Super, 40 Ct""",When the ad says 40 tampons each (4 packs) does it mean that there are a total of 160 tampons?,"[""[\""size\"",\""\\\""40 each\\\""\""]"", ""[\""package_quantity\"",\""\\\""40\\\""\""]"", ""[\""title\"",\""\\\""Tampax Tampons, Unscented, Super, 40 Ct\\\""\""]""]"
876493,"""Tampax Tampons, Unscented, Super, 40 Ct""",When the ad says 40 tampons each (4 packs) does it mean that there are a total of 160 tampons?,"[""[\""size\"",\""\\\""40 each\\\""\""]"", ""[\""package_quantity\"",\""\\\""40\\\""\""]""]"
876493,"""Tampax Tampons, Unscented, Super, 40 Ct""",When the ad says 40 tampons each (4 packs) does it mean that there are a total of 160 tampons?,"[""[\""package_quantity\"",\""\\\""40\\\""\""]"", ""[\""title\"",\""\\\""Tampax Tampons, Unscented, Super, 40 Ct\\\""\""]""]"
19725577,"""Tampax Radiant Regular Plastic Tampons, Unscented, 16 Count""",When the ad says 40 tampons each (4 packs) does it mean that there are a total of 160 tampons?,"[""[\""title\"",\""\\\""Tampax Radiant Regular Plastic Tampons, Unscented, 16 Count\\\""\""]""]"
38802600,"""Stayfree Maxi, Super Wingless, Unscented, 48 Ct""",When the ad says 40 tampons each (4 packs) does it mean that there are a total of 160 tampons?,"[""[\""count_per_pack\"",\""\\\""48\\\""\""]"", ""[\""size\"",\""\\\""48 pads\\\""\""]""]"
21784070,"""Conair Folding Handle Hair Dryer, 1600 Watt 124A""",what is the upn or item number for this product?,"[""[\""product_id\"",\""3WD1TVGHZEAQ\""]"", ""[\""item_id\"",\""21784070\""]""]"
21784070,"""Conair Folding Handle Hair Dryer, 1600 Watt 124A""",what is the upn or item number for this product?,"[""[\""item_id\"",\""21784070\""]""]"
21784070,"""Conair Folding Handle Hair Dryer, 1600 Watt 124A""",what is the upn or item number for this product?,"[""[\""item_id\"",\""21784070\""]""]"
16381804,"""Physicians Formula Mineral Wear¬Æ Flawless Complexion Kit, Light""",Is the Dream Smooth Mousse about to be discontinued? The last time I looked for it at Wal-Mart there were only 4 shades left. At CVS none left.,"[""[\""product_publish_status\"",\""UNPUBLISHED\""]""]"
16381804,"""Physicians Formula Mineral Wear¬Æ Flawless Complexion Kit, Light""",Is the Dream Smooth Mousse about to be discontinued? The last time I looked for it at Wal-Mart there were only 4 shades left. At CVS none left.,"[""[\""product_publish_status\"",\""UNPUBLISHED\""]""]"
19529356,"""Olay Daily Facials Sensitive Cleansing Cloths, Fragrance-Free, 33 Count""",How many remover wipes are there in a single pack?,"[""[\""count_per_pack\"",\""\\\""33\\\""\""]"", ""[\""title\"",\""\\\""Olay Daily Facials Sensitive Cleansing Cloths, Fragrance-Free, 33 Count\\\""\""]""]"
19529356,"""Olay Daily Facials Sensitive Cleansing Cloths, Fragrance-Free, 33 Count""",How many remover wipes are there in a single pack?,"[""[\""count_per_pack\"",\""\\\""33\\\""\""]"", ""[\""title\"",\""\\\""Olay Daily Facials Sensitive Cleansing Cloths, Fragrance-Free, 33 Count\\\""\""]""]"
19529356,"""Olay Daily Facials Sensitive Cleansing Cloths, Fragrance-Free, 33 Count""",How many remover wipes are there in a single pack?,"[""[\""count_per_pack\"",\""\\\""33\\\""\""]"", ""[\""title\"",\""\\\""Olay Daily Facials Sensitive Cleansing Cloths, Fragrance-Free, 33 Count\\\""\""]""]"
21917258,"""Aveeno Ultra-Calming Sensitive Skin Makeup Removing Face Wipes, 25 ct""",How many remover wipes are there in a single pack?,"[""[\""size\"",\""\\\""25 Wipes\\\""\""]"", ""[\""count_per_pack\"",\""\\\""25\\\""\""]"", ""[\""package_quantity\"",\""\\\""25\\\""\""]"", ""[\""title\"",\""\\\""Aveeno Ultra-Calming Sensitive Skin Makeup Removing Face Wipes, 25 ct\\\""\""]""]"
21917258,"""Aveeno Ultra-Calming Sensitive Skin Makeup Removing Face Wipes, 25 ct""",How many remover wipes are there in a single pack?,"[""[\""count_per_pack\"",\""\\\""25\\\""\""]"", ""[\""package_quantity\"",\""\\\""25\\\""\""]""]"
342470627,"""Manic Panic Semi-Permanent Hair Color Cream, Pretty Flamingo, 4 oz""",what color will it turn my dyed black hair?,"[""[\""color\"",\""\\\""Pink\\\""\""]"", ""[\""actual_color\"",\""\\\""Pretty Flamingo\\\""\""]""]"
51209072,"""CeraVe Moisturizing Lotion, 3 fl oz""",Is it safe to use this product on my face?,"[""[\""product_type\"",\""\\\""Facial Moisturizers\\\""\""]""]"
51209072,"""CeraVe Moisturizing Lotion, 3 fl oz""",Is it safe to use this product on my face?,"[""[\""product_type\"",\""\\\""Facial Moisturizers\\\""\""]""]"
51209072,"""CeraVe Moisturizing Lotion, 3 fl oz""",Is it safe to use this product on my face?,"[""[\""product_type\"",\""\\\""Facial Moisturizers\\\""\""]""]"
51209072,"""CeraVe Moisturizing Lotion, 3 fl oz""",Is it safe to use this product on my face?,"[""[\""product_type\"",\""\\\""Facial Moisturizers\\\""\""]""]"
51209072,"""CeraVe Moisturizing Lotion, 3 fl oz""",Is it safe to use this product on my face?,"[""[\""product_type\"",\""\\\""Facial Moisturizers\\\""\""]""]"
51209072,"""CeraVe Moisturizing Lotion, 3 fl oz""",Is it safe to use this product on my face?,"[""[\""product_type\"",\""\\\""Facial Moisturizers\\\""\""]""]"
21920534,"""Secret Clinical Strength Smooth Solid Women's Antiperspirant & Deodorant Light & Fresh Scent, 1.6 oz, 2 count""",Is this a gel or the white solid antiperspirant?,"[""[\""form\"",\""\\\""Solid\\\""\""]""]"
21920534,"""Secret Clinical Strength Smooth Solid Women's Antiperspirant & Deodorant Light & Fresh Scent, 1.6 oz, 2 count""",Is this a gel or the white solid antiperspirant?,"[""[\""form\"",\""\\\""Solid\\\""\""]""]"
49333102,"""Degree Advanced Antiperspirant Deodorant 72-Hour Sweat & Odor Protection Active Shield Deodorant for Women with MotionSense Technology 2.6 oz""",Is this a gel or the white solid antiperspirant?,"[""[\""form\"",\""\\\""OVAL STICK\\\""\""]""]"
25252463,"""Old Spice Classic Original Scent Deodorant 2.25 oz. Stick""",Is this a gel or the white solid antiperspirant?,"[""[\""form\"",\""\\\""Solid\\\""\""]""]"
37586666,"""Old Spice Red Zone Clear Gel Antiperspirant Deodorant for Men, Swagger Scent, 3.8 oz""",Is this a gel or the white solid antiperspirant?,"[""[\""form\"",\""\\\""Gel\\\""\""]"", ""[\""title\"",\""\\\""Old Spice Red Zone Clear Gel Antiperspirant Deodorant for Men, Swagger Scent, 3.8 oz\\\""\""]""]"
37586666,"""Old Spice Red Zone Clear Gel Antiperspirant Deodorant for Men, Swagger Scent, 3.8 oz""",Is this a gel or the white solid antiperspirant?,"[""[\""form\"",\""\\\""Gel\\\""\""]"", ""[\""title\"",\""\\\""Old Spice Red Zone Clear Gel Antiperspirant Deodorant for Men, Swagger Scent, 3.8 oz\\\""\""]""]"
37586666,"""Old Spice Red Zone Clear Gel Antiperspirant Deodorant for Men, Swagger Scent, 3.8 oz""",Is this a gel or the white solid antiperspirant?,"[""[\""form\"",\""\\\""Gel\\\""\""]""]"
20450293,"""Secret Scent Expressions Truth or Pear Clear Gel Women's Antiperspirant & Deodorant 2.6 oz""",Is this a gel or the white solid antiperspirant?,"[""[\""title\"",\""\\\""Secret Scent Expressions Truth or Pear Clear Gel Women's Antiperspirant \\u0026 Deodorant 2.6 oz\\\""\""]""]"
20450293,"""Secret Scent Expressions Truth or Pear Clear Gel Women's Antiperspirant & Deodorant 2.6 oz""",Is this a gel or the white solid antiperspirant?,"[""[\""title\"",\""\\\""Secret Scent Expressions Truth or Pear Clear Gel Women's Antiperspirant \\u0026 Deodorant 2.6 oz\\\""\""]""]"
160595128,"""Simply Right Adult Washcloth Disposable Moist Wipes 12\"" x 8\"" - 240 ct""",What is the length!,"[""[\""title\"",\""\\\""Simply Right Adult Washcloth Disposable Moist Wipes 12\\\\\\\"" x 8\\\\\\\"" - 240 ct\\\""\""]""]"
160595128,"""Simply Right Adult Washcloth Disposable Moist Wipes 12\"" x 8\"" - 240 ct""",What is the length!,"[""[\""title\"",\""\\\""Simply Right Adult Washcloth Disposable Moist Wipes 12\\\\\\\"" x 8\\\\\\\"" - 240 ct\\\""\""]""]"
160595128,"""Simply Right Adult Washcloth Disposable Moist Wipes 12\"" x 8\"" - 240 ct""",What is the length!,"[""[\""title\"",\""\\\""Simply Right Adult Washcloth Disposable Moist Wipes 12\\\\\\\"" x 8\\\\\\\"" - 240 ct\\\""\""]""]"
19717217,"""St. Ives Soothing Hand & Body Lotion Oatmeal & Shea Butter 21 fl. Oz.""",WHAT INGRIDIANTS IT CONTAIN,"[""[\""ingredients\"",\""\\\""Water (Aqua), Glycerin, Stearic Acid, Glycine Soja (Soybean) Oil, Glycol Stearate, Dimethicone, Glyceryl Stearate, Triethanolamine, Cetyl Alcohol, Caprylyl Glycol, Phenoxyethanol, Fragrance (Parfum), Carbomer, Hydroxyethylcellulose, Propylene Glycol, Disodium Edta, Bht, Stearamide Amp, Butyrospermum Parkii (Shea) Butter, Avena Sativa (Oat) Meal Extract, Caramel, Yellow 6 (Ci 15985), Yellow 5 (Ci 19140), Red 33 (Ci 17200).\\\""\""]""]"
19717217,"""St. Ives Soothing Hand & Body Lotion Oatmeal & Shea Butter 21 fl. Oz.""",WHAT INGRIDIANTS IT CONTAIN,"[""[\""ingredients\"",\""\\\""Water (Aqua), Glycerin, Stearic Acid, Glycine Soja (Soybean) Oil, Glycol Stearate, Dimethicone, Glyceryl Stearate, Triethanolamine, Cetyl Alcohol, Caprylyl Glycol, Phenoxyethanol, Fragrance (Parfum), Carbomer, Hydroxyethylcellulose, Propylene Glycol, Disodium Edta, Bht, Stearamide Amp, Butyrospermum Parkii (Shea) Butter, Avena Sativa (Oat) Meal Extract, Caramel, Yellow 6 (Ci 15985), Yellow 5 (Ci 19140), Red 33 (Ci 17200).\\\""\""]""]"
19717217,"""St. Ives Soothing Hand & Body Lotion Oatmeal & Shea Butter 21 fl. Oz.""",WHAT INGRIDIANTS IT CONTAIN,"[""[\""ingredients\"",\""\\\""Water (Aqua), Glycerin, Stearic Acid, Glycine Soja (Soybean) Oil, Glycol Stearate, Dimethicone, Glyceryl Stearate, Triethanolamine, Cetyl Alcohol, Caprylyl Glycol, Phenoxyethanol, Fragrance (Parfum), Carbomer, Hydroxyethylcellulose, Propylene Glycol, Disodium Edta, Bht, Stearamide Amp, Butyrospermum Parkii (Shea) Butter, Avena Sativa (Oat) Meal Extract, Caramel, Yellow 6 (Ci 15985), Yellow 5 (Ci 19140), Red 33 (Ci 17200).\\\""\""]""]"
36717978,"""Cocoa Beautiful, Cocoa Butter Rich Cream Lotion, 17 fl. Oz.""",WHAT INGRIDIANTS IT CONTAIN,"[""[\""ingredients\"",\""\\\""Water (Aqua), Theobroma Cacao (Cocoa) Extract, Glyceryl Stearate, Petrolatum, Mineral Oil (Paraffinum Liquidum), Propylene Glycol, Cetyl Alcohol, Glycerin, Theobroma Cacao (Cocoa) Seed Butter, Tocopheryl Acetate, Dimethicone, Stearalkonium Chloride, Fragrance (Parfum), Hydroxyethylcellulose, Peg-8 Stearate, Cellulose, Sodium Acetate, Propylparaben, Methylparaben, Stearyl Alcohol, Myristyl Alcohol, Yellow 5 (Ci 19140), Orange 4 (Ci 15510), Benzyl Alcohol.\\\""\""]""]"
36717978,"""Cocoa Beautiful, Cocoa Butter Rich Cream Lotion, 17 fl. Oz.""",WHAT INGRIDIANTS IT CONTAIN,"[""[\""ingredients\"",\""\\\""Water (Aqua), Theobroma Cacao (Cocoa) Extract, Glyceryl Stearate, Petrolatum, Mineral Oil (Paraffinum Liquidum), Propylene Glycol, Cetyl Alcohol, Glycerin, Theobroma Cacao (Cocoa) Seed Butter, Tocopheryl Acetate, Dimethicone, Stearalkonium Chloride, Fragrance (Parfum), Hydroxyethylcellulose, Peg-8 Stearate, Cellulose, Sodium Acetate, Propylparaben, Methylparaben, Stearyl Alcohol, Myristyl Alcohol, Yellow 5 (Ci 19140), Orange 4 (Ci 15510), Benzyl Alcohol.\\\""\""]""]"
36717978,"""Cocoa Beautiful, Cocoa Butter Rich Cream Lotion, 17 fl. Oz.""",WHAT INGRIDIANTS IT CONTAIN,"[""[\""ingredients\"",\""\\\""Water (Aqua), Theobroma Cacao (Cocoa) Extract, Glyceryl Stearate, Petrolatum, Mineral Oil (Paraffinum Liquidum), Propylene Glycol, Cetyl Alcohol, Glycerin, Theobroma Cacao (Cocoa) Seed Butter, Tocopheryl Acetate, Dimethicone, Stearalkonium Chloride, Fragrance (Parfum), Hydroxyethylcellulose, Peg-8 Stearate, Cellulose, Sodium Acetate, Propylparaben, Methylparaben, Stearyl Alcohol, Myristyl Alcohol, Yellow 5 (Ci 19140), Orange 4 (Ci 15510), Benzyl Alcohol.\\\""\""]""]"
25868500,"""NIVEA Essentially Enriched Body Lotion for Dry Skin, 6.8 Fl Oz Bottle""",WHAT INGRIDIANTS IT CONTAIN,"[""[\""ingredients\"",\""\\\""Water, Mineral Oil, Isohexadecane, Glycerin, Isopropyl Palmitate, Petrolatum, PEG-40 Sorbitan Perisostearate, Polyglyceryl-3 Diisostearate, Prunus Amygdalus Dulcis (Sweet Almond) Oil, Tocopherol, Magnesium Sulfate, Fragrance, Citric Acid, Sodium Citrate, Potassium Sorbate\\\""\""]""]"
25868500,"""NIVEA Essentially Enriched Body Lotion for Dry Skin, 6.8 Fl Oz Bottle""",WHAT INGRIDIANTS IT CONTAIN,"[""[\""ingredients\"",\""\\\""Water, Mineral Oil, Isohexadecane, Glycerin, Isopropyl Palmitate, Petrolatum, PEG-40 Sorbitan Perisostearate, Polyglyceryl-3 Diisostearate, Prunus Amygdalus Dulcis (Sweet Almond) Oil, Tocopherol, Magnesium Sulfate, Fragrance, Citric Acid, Sodium Citrate, Potassium Sorbate\\\""\""]""]"
25868500,"""NIVEA Essentially Enriched Body Lotion for Dry Skin, 6.8 Fl Oz Bottle""",WHAT INGRIDIANTS IT CONTAIN,"[""[\""ingredients\"",\""\\\""Water, Mineral Oil, Isohexadecane, Glycerin, Isopropyl Palmitate, Petrolatum, PEG-40 Sorbitan Perisostearate, Polyglyceryl-3 Diisostearate, Prunus Amygdalus Dulcis (Sweet Almond) Oil, Tocopherol, Magnesium Sulfate, Fragrance, Citric Acid, Sodium Citrate, Potassium Sorbate\\\""\""]""]"
10317215,"""Cetaphil Advanced Relief Lotion with Shea Butter, 8 oz""",WHAT INGRIDIANTS IT CONTAIN,"[""[\""ingredients\"",\""\\\""Water, Glycerin, Hydrogenated Polyisobutene, Cetearyl Alcohol, Macadamia Integrifolia Seed Oil (Macadamia Nut Oil), Butyrospermum Parkii (Shea Butter), Cyclopentasiloxane, Acrylates/C10-30 Alkyl Acrylate Crosspolymer, Sodium Polyacrylate, Phenoxyethanol, Tocopheryl Acetate, Ceteareth-20, Stearoxytrimethylsilane, Stearoyl Alcohol, Benzyl Alcohol, Farnesol, Sodium PCA, Panthenol, Dimethiconol, Citric Acid, Sodium Hydroxide.\\\""\""]""]"
10317215,"""Cetaphil Advanced Relief Lotion with Shea Butter, 8 oz""",WHAT INGRIDIANTS IT CONTAIN,"[""[\""ingredients\"",\""\\\""Water, Glycerin, Hydrogenated Polyisobutene, Cetearyl Alcohol, Macadamia Integrifolia Seed Oil (Macadamia Nut Oil), Butyrospermum Parkii (Shea Butter), Cyclopentasiloxane, Acrylates/C10-30 Alkyl Acrylate Crosspolymer, Sodium Polyacrylate, Phenoxyethanol, Tocopheryl Acetate, Ceteareth-20, Stearoxytrimethylsilane, Stearoyl Alcohol, Benzyl Alcohol, Farnesol, Sodium PCA, Panthenol, Dimethiconol, Citric Acid, Sodium Hydroxide.\\\""\""]""]"
10317215,"""Cetaphil Advanced Relief Lotion with Shea Butter, 8 oz""",WHAT INGRIDIANTS IT CONTAIN,"[""[\""ingredients\"",\""\\\""Water, Glycerin, Hydrogenated Polyisobutene, Cetearyl Alcohol, Macadamia Integrifolia Seed Oil (Macadamia Nut Oil), Butyrospermum Parkii (Shea Butter), Cyclopentasiloxane, Acrylates/C10-30 Alkyl Acrylate Crosspolymer, Sodium Polyacrylate, Phenoxyethanol, Tocopheryl Acetate, Ceteareth-20, Stearoxytrimethylsilane, Stearoyl Alcohol, Benzyl Alcohol, Farnesol, Sodium PCA, Panthenol, Dimethiconol, Citric Acid, Sodium Hydroxide.\\\""\""]""]"