Question---Product ID,Question Category,,
Can I download apps? ---645876604,App Store,,
what version of watchos does it run? ---645876604,App Store,,
How much is the Apple Care plan? ---645876604,Apple Care,,
camera resolution ---184152329,Camera ,,
how good are the cameras? ---643148200,Camera ,,
what is the camera resolution ---643148200,Camera ,,
what is the camera resolution? ---184152329,Camera ,,
what is the camera resolution? ---184152329,Camera ,,
what is the resolution ---643148200,Camera ,,
Are other colors available ---645876604,Color,,
Do these come in other colors? ---645876604,Color,,
what are different colors ? ---126276053,Color,,
what color ---994305917,Color,,
what color ? ---792968586,Color,,
what color is this? ---645876604,Color,,
what color? ---774697337,Color,,
What colors and sizes do Apple Watches come in? ---645876604,Color,,
What colors are available? ---126276053,Color,,
What colors does this come in? ---645876604,Color,,
What colors does this come in? ---645876604,Color,,
what other colors does it come in? ---645876604,Color,,
can you compare this model to another apple watch ? ---645876604,Compare Models,,
compare it with the latest version ---645876604,Compare Models,,
how does it compare to the latest model ? ---792968586,Compare Models,,
how does it compare with latest model? ---774697337,Compare Models,,
how does it compare with samsung galaxy? ---643148200,Compare Models,,
How is this watch different from the latest version? ---645876604,Compare Models,,
Is this the latest version ---645876604,Compare Models,,
what is the difference between the latest apple watch generation and this one ---645876604,Compare Models,,
what is the difference between this apple watch and the latest? ---645876604,Compare Models,,
what's the difference between this and iPad Pro 10.7 ---184152329,Compare Models,,
Can an Android users use Apple Watch? ---994305917,Compatibility (Apple Ecosystem),,
can i choose a different watch band ---645876604,Compatibility (Apple Ecosystem),,
Can I listen to music on it? ---645876604,Compatibility (Apple Ecosystem),,
Can I listen to music? ---645876604,Compatibility (Apple Ecosystem),,
Can i take calls using this? ---645876604,Compatibility (Apple Ecosystem),,
Can i use this with an iphone 7? ---645876604,Compatibility (Apple Ecosystem),,
Do I need an iPhone to use Apple Watch? ---316269243,Compatibility (Apple Ecosystem),,
Do I need an iPhone to use Apple Watch? ---336891071,Compatibility (Apple Ecosystem),,
Do I need an iPhone to use Apple Watch? ---645876604,Compatibility (Apple Ecosystem),,
Do I need an iPhone to use Apple Watch? ---645876604,Compatibility (Apple Ecosystem),,
Do I need an iPhone to use Apple Watch? ---645876604,Compatibility (Apple Ecosystem),,
Do I need an iPhone to use Apple Watch? ---645876604,Compatibility (Apple Ecosystem),,
Do I need an iPhone to use Apple Watch? ---645876604,Compatibility (Apple Ecosystem),,
Do I need an iPhone to use Apple Watch? ---645876604,Compatibility (Apple Ecosystem),,
Do I need an iPhone to use Apple Watch? ---645876604,Compatibility (Apple Ecosystem),,
Do I need an iPhone to use Apple Watch? ---645876604,Compatibility (Apple Ecosystem),,
Do I need an iPhone to use Apple Watch? ---645876604,Compatibility (Apple Ecosystem),,
Do I need an iPhone to use Apple Watch? ---645876604,Compatibility (Apple Ecosystem),,
Do I need an iPhone to use Apple Watch? ---645876604,Compatibility (Apple Ecosystem),,
Do I need an iPhone to use Apple Watch? ---758438118,Compatibility (Apple Ecosystem),,
Do I need an iPhone to use Apple Watch? ---863467928,Compatibility (Apple Ecosystem),,
Do I need an iPhone to use Apple Watch? ---863467928,Compatibility (Apple Ecosystem),,
do u have iphones ---645876604,Compatibility (Apple Ecosystem),,
Does it work with Android? ---645876604,Compatibility (Apple Ecosystem),,
does it work with ipad? ---645876604,Compatibility (Apple Ecosystem),,
Is Apple Watch compatible with Android? ---645876604,Compatibility (Apple Ecosystem),,
what ios does this require ---645876604,Compatibility (Apple Ecosystem),,
what iphone is required ---645876604,Compatibility (Apple Ecosystem),,
What is the Sport Band made of? ---645876604,Compatibility (Apple Ecosystem),,
What material is the Sport Band? ---645876604,Compatibility (Apple Ecosystem),,
Can I use usb-a power adapters for ipad? ---774697337,Compatibility 3rd party accessories,,
Can I you any wireless earbuds with Apple Watch? ---645876604,Connectivity,,
apple watch ---728333046,Connectivity (Cellular or LTE),,
does it have 5g ---994305917,Connectivity (Cellular or LTE),,
does this have cellular? ---645876604,Connectivity (Cellular or LTE),,
I can use it freely in any country? ---863467928,Connectivity (Cellular or LTE),,
internet connectivity ---994305917,Connectivity (Cellular or LTE),,
ios required ---645876604,Connectivity (Cellular or LTE),,
Is it unblocked? ---863467928,Connectivity (Cellular or LTE),,
is the apple watch unlocked to be used in any country? ---863467928,Connectivity (Cellular or LTE),,
is the apple watch unlocked to be used in any country? ---863467928,Connectivity (Cellular or LTE),,
is this apple watch unlocked? ---863467928,Connectivity (Cellular or LTE),,
what is apple watch ---728333046,Connectivity (Cellular or LTE),,
Can I print using an iPad? ---184152329,Ecosystem/Compatibility,,
Can I print using an iPad? ---184152329,Ecosystem/Compatibility,,
Can I print using an iPad? ---354993710,Ecosystem/Compatibility,,
Can I print using an iPad? ---457945189,Ecosystem/Compatibility,,
Can I print using an iPad? ---457945189,Ecosystem/Compatibility,,
Can I print using an iPad? ---457945189,Ecosystem/Compatibility,,
Can I print using an iPad? ---457945189,Ecosystem/Compatibility,,
Can I print using an iPad? ---457945189,Ecosystem/Compatibility,,
Can I print using an iPad? ---457945189,Ecosystem/Compatibility,,
Can I print using an iPad? ---457945189,Ecosystem/Compatibility,,
Can I print using an iPad? ---457945189,Ecosystem/Compatibility,,
Can I print using an iPad? ---457945189,Ecosystem/Compatibility,,
Can I print using an iPad? ---643148200,Ecosystem/Compatibility,,
Can I print using an iPad? ---774697337,Ecosystem/Compatibility,,
Can I print using an iPad? ---934077085,Ecosystem/Compatibility,,
Can I print using this iPad?---184152329,Ecosystem/Compatibility,,
Can I print using this iPad?---184152329,Ecosystem/Compatibility,,
Can I print using this iPad?---184152329,Ecosystem/Compatibility,,
Can I print using this iPad?---184152329,Ecosystem/Compatibility,,
Can I print using this iPad?---184152329,Ecosystem/Compatibility,,
Can I change the watch band? ---645876604,Included Accessories,,
Can i change the watch band? ---645876604,Included Accessories,,
can the band be changed? ---336891071,Included Accessories,,
Can the band be changed?---166559805,Included Accessories,,
case ---934077085,Included Accessories,,
Does it come with a charger? ---645876604,Included Accessories,,
Does it come with a wristband? ---645876604,Included Accessories,,
does it come with ipad cover? ---643148200,Included Accessories,,
Is it easy to change watch bands? ---645876604,Included Accessories,,
What comes in the box? ---645876604,Included Accessories,,
what goes well with ipad ---643148200,Included Accessories,,
what is the maximum circumference of band ---645876604,Included Accessories,,
What size wrist does it fit ---645876604,Included Accessories,,
what size wrist does it fit? ---336891071,Included Accessories,,
What's in the box? ---126276053,Included Accessories,,
What's in the box? ---316269243,Included Accessories,,
What's in the box? ---567715134,Included Accessories,,
What's in the box? ---645876604,Included Accessories,,
What's in the box? ---645876604,Included Accessories,,
What's in the box? ---645876604,Included Accessories,,
What's in the box? ---645876604,Included Accessories,,
What's in the box? ---645876604,Included Accessories,,
What's in the box? ---645876604,Included Accessories,,
What's in the box? ---645876604,Included Accessories,,
What's in the box? ---645876604,Included Accessories,,
What's in the box? ---645876604,Included Accessories,,
What's in the box? ---645876604,Included Accessories,,
What's in the box? ---728333046,Included Accessories,,
What's in the box? ---792968586,Included Accessories,,
What's in the box? ---863467928,Included Accessories,,
What's in the box? ---863467928,Included Accessories,,
What's in the box? ---863467928,Included Accessories,,
What's in the box? ---863467928,Included Accessories,,
What's in the box? ---863467928,Included Accessories,,
What's in the box? ---994305917,Included Accessories,,
What's in the box? ---994305917,Included Accessories,,
What's in the box? ---994305917,Included Accessories,,
what's the size of the wristband? ---336891071,Included Accessories,,
whats in the box ---126276053,Included Accessories,,
where are the case for the ipad ---934077085,Included Accessories,,
where are the cases for the ipad ---934077085,Included Accessories,,
where can i buy a cover ---643148200,Included Accessories,,
Is there a protection plan? ---645876604,Included Warranty,,
Is there a protection plan? ---645876604,Included Warranty,,
Is there a protection plan? What colors does this come in? ---645876604,Included Warranty,,
is there factory warrantee? ---645876604,Included Warranty,,
warranty ---316269243,Included Warranty,,
what is the warranty? ---645876604,Included Warranty,,
What is the warranty? ---863467928,Included Warranty,,
apple ipad pro availability ---354993710,item availiblity,,
Can you tell me if this item is available to purchase and pick up at my local store? ---643148200,item availiblity,,
"Hi is this still available""? ---385211636",item availiblity,,
Is Apple Watch series 7 still available ---728333046,item availiblity,,
Is Apple Watch series 7 still available in midnight cannot add to cart ---728333046,item availiblity,,
is this item actually available ---354993710,item availiblity,,
This watch isn;t available at any Walmart I can find. Can I have it shipped to me? ---728333046,item availiblity,,
when is product back in store ---774697337,item availiblity,,
Can I order an IPAD pro and have it delivered ---915714715,Other Apple Services ,,
dimensions ---645876604,Overall size,,
What are dimensions of the watch ---645876604,Overall size,,
what size is the watch ---645876604,Overall size,,
battery life? ---126276053,Performance,,
Can I customize the watch face? ---645876604,Performance,,
Can I swim with it? ---645876604,Performance,,
can it get wet ---645876604,Performance,,
Does Apple Watch connect to Wi-Fi? ---645876604,Performance,,
does it connect to my airpods? ---645876604,Performance,,
does it connect to my icloud account ---645876604,Performance,,
does it detect falls ---645876604,Performance,,
does it detect heart rate? ---792968586,Performance,,
does it have a heart monitor ---643148200,Performance,,
does it have a heart monitor? ---336891071,Performance,,
Does it have a heart monitor? ---645876604,Performance,,
Does it track fitness activities? ---645876604,Performance,,
does it track heart rate? ---994305917,Performance,,
Does it track my sleep? ---645876604,Performance,,
Does it track swimming? ---645876604,Performance,,
How long does it take to charge ---645876604,Performance,,
How long does it take to charge? ---645876604,Performance,,
How long does it take to charge? ---645876604,Performance,,
how long does the battery last ---645876604,Performance,,
how long does the battery last? ---336891071,Performance,,
How long is battery life? ---645876604,Performance,,
How long is the battery life of an Apple Watch? ---645876604,Performance,,
How long will the battery last between charges? ---645876604,Performance,,
How much is storage? ---645876604,Performance,,
How much memory ---645876604,Performance,,
Is it waterproof? ---645876604,Performance,,
Is the watch waterproof? ---645876604,Performance,,
is this watch water resistant? ---336891071,Performance,,
is this watch waterproof ---645876604,Performance,,
What bluetooth headphones can I use with Apple Watch ---645876604,Performance,,
what is the battery life? ---645876604,Performance,,
Will the Apple Watch measure my heart rate? ---645876604,Performance,,
how big is the memory ---643148200,Performance/Storage/Other,,
how long does the battery last ---994305917,Performance/Storage/Other,,
how much does it weigh ---184152329,Performance/Storage/Other,,
how much memory does it have ? ---774697337,Performance/Storage/Other,,
what is battery life? ---774697337,Performance/Storage/Other,,
what is product weight ? ---774697337,Performance/Storage/Other,,
Will this work with a smart keyboard? ---184152329,Peripherals,,
how long is the warranty? ---184152329,Price/Support/Coverage,,
how long is the warranty? ---184152329,Price/Support/Coverage,,
can it detect car crash ---645876604,Safety Detection,,
car crash ---645876604,Safety Detection,,
Does it have crash detection? ---645876604,Safety Detection,,
display size ---457945189,Screen,,
What does always onn retina mean?---645876604,Screen,,
What does always onn retina mean?---645876604,Screen,,
What does always onn retina mean?---645876604,Screen,,
What does always onn retina mean?---645876604,Screen,,
What does always onn retina mean?---645876604,Screen,,
what is screen size? ---774697337,Screen,,
what is the screen resolution ---643148200,Screen,,
what's the screen resolution? ---184152329,Screen,,
what is screen size ? ---792968586,screen size,,
what are the dimensions ---184152329,Size/Dimensions,,
what is product dimensions ? ---774697337,Size/Dimensions,,
will it fit my wrist? ---336891071,Size/Dimensions,,
How much is stroage? ---645876604,Storage,,
what is band material ? ---792968586,Watch band,,
What material is the watch strap? ---645876604,watch band,,
how heavy is it ---336891071,weight,,
How heavy is the Apple Watch? ---645876604,weight,,
how heavy is this watch? ---645876604,weight,,
how much does it weigh ---336891071,weight,,
how much does it weigh? ---336891071,weight,,
How much does the Apple Watch weigh? ---645876604,weight,,
product weight? ---645876604,weight,,
what is the weight of the watch ---645876604,weight,,
what's the weight ---336891071,weight,,